{
    "camera_id": 0,
    "pixel_points": [
        [
            72,
            418
        ],
        [
            1026,
            387
        ],
        [
            819,
            663
        ],
        [
            683,
            403
        ]
    ],
    "real_points": [
        [
            -0.0066,
            0.3201
        ],
        [
            0.0658,
            0.2004
        ],
        [
            -0.0507,
            0.2321
        ],
        [
            0.0334,
            0.2527
        ]
    ],
    "homography_matrix": [
        [
            2.9906805293373392e-05,
            -0.0001189844839335404,
            0.04367896757885464
        ],
        [
            -0.0001152245476153632,
            -0.0002211721419588293,
            0.2900540805022841
        ],
        [
            -0.0001994762721049056,
            -0.0009431463426501731,
            1.0
        ]
    ]
}