{
    "camera_id": 0,
    "pixel_points": [
        [
            63,
            414
        ],
        [
            1072,
            402
        ],
        [
            1918,
            638
        ],
        [
            45,
            1076
        ]
    ],
    "real_points": [
        [
            10993.0,
            1135.0
        ],
        [
            11085.0,
            -8767.0
        ],
        [
            5748.0,
            -6666.0
        ],
        [
            3957.0,
            -1720.0
        ]
    ],
    "homography_matrix": [
        [
            -0.7054058165407032,
            -9.175014931008594,
            360.7030953630252
        ],
        [
            3.639540004543024,
            6.908272367795101,
            -3448.843643339362
        ],
        [
            -8.88526112076813e-05,
            -0.0031670698606516006,
            1.0
        ]
    ]
}