{
    "camera_id": 1,
    "pixel_points": [
        [
            54,
            498
        ],
        [
            1079,
            414
        ],
        [
            1906,
            658
        ],
        [
            16,
            1008
        ]
    ],
    "real_points": [
        [
            7994.0,
            196.0
        ],
        [
            6138.0,
            -552.0
        ],
        [
            5067.0,
            1851.0
        ],
        [
            6857.0,
            2588.0
        ]
    ],
    "homography_matrix": [
        [
            4.1963912058589194,
            -42.47203313918037,
            761.2894933693545
        ],
        [
            -0.911343564699018,
            -30.168272520102708,
            14578.643632850666
        ],
        [
            -7.233425744493245e-05,
            -0.007065025908464806,
            1.0
        ]
    ]
}